0,-1,-1,14,이 햄버거는 다른 곳에서 먹는 것보다 맛있어.,0,6
1,-1,-1,15,토핑을 조금 더 추가해야겠어.,0,1,6
2,-1,-1,16,이 가격에 이렇게 맛있는 햄버거를 먹을 수 있다니 대박이야.,0,2,6
3,-1,-1,20,이 햄버거의 비율이 정말 좋아.,0,3,6
4,-1,-1,16,맛있는 햄버거를 먹으니까 기분이 좋아져.,0,4,6
5,-1,-1,17,이 햄버거에는 어떤 소스가 잘 어울리나요?,0,5,6,,,,
6,-1,-1,18,이 햄버거는 너무 쫄깃해서 좋아요.,0,1,1,6
7,-1,-1,19,제일 좋아하는 햄버거 가게인데,0,1,2,6,,,
8,-1,-1,20,다른 곳에서 먹어본 햄버거와는 맛이 다르네.,0,1,3,6,,,
9,-1,-1,21,이 햄버거 맛있어서 더 먹고 싶어져.,0,1,4,6,,,
10,-1,-1,22,이 햄버거의 맛과 향이 정말 일품이에요.,0,1,5,6,,,
11,-1,-1,23,다음에도 여기서 햄버거 시켜야겠어.,0,2,2,6,,,
12,-1,-1,24,이 햄버거의 고기가 정말 신선한 것 같아.,0,2,3,6,,,
13,-1,-1,25,햄버거는 이 곳에서 먹어본 것 중에 제일 맛있어.,0,2,4,6,,,
14,-1,-1,16,이 햄버거는 먹으면 먹을수록 맛있어.,0,2,5,6,,,
15,-1,-1,17,이 햄버거는 먹을 때마다 신선한 재료를 사용하는 것 같아.,0,3,3,6,,,
16,-1,-1,18,이 곳에서 파는 햄버거는 정말 고급진 느낌이에요.,0,3,4,6,,,
17,-1,-1,19,제일 좋아하는 햄버거 조합은 뭐죠?,0,3,5,6,,,
18,-1,-1,20,이 햄버거는 맛있어서 여기 자주 올 것 같아.,0,4,4,6,,,
19,-1,-1,21,여기서 파는 햄버거는 먹으면 먹을수록 매력적이에요.,0,4,5,6,,,
20,-1,-1,22,이 곳의 햄버거는 다른 곳에서 먹는 것보다 진짜 맛있어.,0,5,5,6,,,
21,-1,-1,24,이 곳에서 파는 햄버거는 제가 먹어본 것 중에서 제일 맛있어요.,0,1,1,2,6,,
22,-1,-1,18,이 햄버거는 정말 크기가 커서 배불러요.,0,1,1,3,6,,
23,-1,-1,18,이 햄버거에는 어떤 소스가 잘 어울리나요?,0,1,1,4,6,,
24,-1,-1,18,이 햄버거는 너무 쫄깃해서 좋아요.,0,1,1,5,6,,
25,-1,-1,18,제일 좋아하는 햄버거 가게인데,0,1,2,2,6,,
26,-1,-1,18,다른 곳에서 먹어본 햄버거와는 맛이 다르네.,0,1,2,3,6,,
27,-1,-1,18,이 햄버거 맛있어서 더 먹고 싶어져.,0,1,2,4,6,,
28,-1,-1,18,이 햄버거의 맛과 향이 정말 일품이에요.,0,1,2,5,6,,
29,-1,-1,18,다음에도 여기서 햄버거 시켜야겠어.,0,1,3,3,6,,
30,-1,-1,18,이 햄버거의 고기가 정말 신선한 것 같아.,0,1,3,4,6,,
31,-1,-1,18,햄버거는 이 곳에서 먹어본 것 중에 제일 맛있어.,0,1,3,5,6,,
32,-1,-1,18,이 햄버거는 먹으면 먹을수록 맛있어.,0,1,4,4,6,,
33,-1,-1,18,이 햄버거는 먹을 때마다 신선한 재료를 사용하는 것 같아.,0,1,4,5,6,,
34,-1,-1,18,이 곳에서 파는 햄버거는 정말 고급진 느낌이에요.,0,1,5,5,6,,
35,-1,-1,18,이 햄버거는 맛있어서 여기 자주 올 것 같아.,0,2,2,3,6,,
36,-1,-1,18,여기서 파는 햄버거는 먹으면 먹을수록 매력적이에요.,0,2,2,4,6,,
37,-1,-1,18,이 곳의 햄버거는 다른 곳에서 먹는 것보다 진짜 맛있어.,0,2,2,5,6,,
38,-1,-1,18,이 햄버거는 먹으면서 새로운 맛을 경험하게 해줘.,0,2,3,3,6,,
39,-1,-1,18,이 곳에서 파는 햄버거는 제가 먹어본 것 중에서 제일 맛있어요.,0,2,3,4,6,,
40,-1,-1,18,이 햄버거는 정말 크기가 커서 배불러요.,0,2,3,5,6,,
41,-1,-1,18,이 햄버거에는 어떤 소스가 잘 어울리나요?,0,2,4,4,6,,
42,-1,-1,18,이 햄버거는 너무 쫄깃해서 좋아요.,0,2,4,5,6,,
43,-1,-1,18,제일 좋아하는 햄버거 가게인데,0,2,5,5,6,,
44,-1,-1,18,이 햄버거 맛있어서 더 먹고 싶어져.,0,3,3,4,6,,
45,-1,-1,18,이 햄버거의 맛과 향이 정말 일품이에요.,0,3,3,5,6,,
46,-1,-1,18,다음에도 여기서 햄버거 시켜야겠어.,0,3,4,4,6,,
47,-1,-1,18,다음에도 여기서 햄버거 시켜야겠어.,0,3,4,5,6,,
48,-1,-1,18,이 햄버거에는 어떤 소스가 잘 어울리나요?,0,3,5,5,6,,
49,-1,-1,18,이 햄버거는 너무 쫄깃해서 좋아요.,0,4,4,4,6,,
50,-1,-1,18,제일 좋아하는 햄버거 가게인데,0,4,4,5,6,,
51,-1,-1,18,다른 곳에서 먹어본 햄버거와는 맛이 다르네.,0,4,5,5,6,,
52,-1,-1,18,이 햄버거 맛있어서 더 먹고 싶어져.,0,5,5,5,6,,
53,-1,-1,18,제일 좋아하는 햄버거 가게인데,0,1,1,2,2,6,
54,-1,-1,18,다른 곳에서 먹어본 햄버거와는 맛이 다르네.,0,1,1,2,3,6,
55,-1,-1,18,이 햄버거 맛있어서 더 먹고 싶어져.,0,1,1,2,4,6,
56,-1,-1,18,이 햄버거의 맛과 향이 정말 일품이에요.,0,1,1,2,5,6,
57,-1,-1,18,다음에도 여기서 햄버거 시켜야겠어.,0,1,1,3,3,6,
58,-1,-1,18,다음에도 여기서 햄버거 시켜야겠어.,0,1,1,3,4,6,
59,-1,-1,18,이 햄버거에는 어떤 소스가 잘 어울리나요?,0,1,1,3,5,6,
60,-1,-1,18,이 햄버거는 너무 쫄깃해서 좋아요.,0,1,1,4,4,6,
61,-1,-1,18,제일 좋아하는 햄버거 가게인데,0,1,1,4,5,6,
62,-1,-1,18,다른 곳에서 먹어본 햄버거와는 맛이 다르네.,0,1,1,5,5,6,
63,-1,-1,18,다른 곳에서 먹어본 햄버거와는 맛이 다르네.,0,1,2,2,3,6,
64,-1,-1,18,이 햄버거 맛있어서 더 먹고 싶어져.,0,1,2,2,4,6,
65,-1,-1,18,이 햄버거의 맛과 향이 정말 일품이에요.,0,1,2,2,5,6,
66,-1,-1,18,다음에도 여기서 햄버거 시켜야겠어.,0,1,2,3,3,6,
67,-1,-1,18,다음에도 여기서 햄버거 시켜야겠어.,0,1,2,3,4,6,
68,-1,-1,18,이 햄버거에는 어떤 소스가 잘 어울리나요?,0,1,2,3,5,6,
69,-1,-1,18,이 햄버거는 너무 쫄깃해서 좋아요.,0,1,2,4,4,6,
70,-1,-1,18,제일 좋아하는 햄버거 가게인데,0,1,2,4,5,6,
71,-1,-1,18,다른 곳에서 먹어본 햄버거와는 맛이 다르네.,0,1,2,5,5,6,
72,-1,-1,18,이 햄버거의 맛과 향이 정말 일품이에요.,0,1,3,3,4,6,
73,-1,-1,18,다음에도 여기서 햄버거 시켜야겠어.,0,1,3,3,5,6,
74,-1,-1,18,다음에도 여기서 햄버거 시켜야겠어.,0,1,3,4,4,6,
75,-1,-1,18,이 햄버거에는 어떤 소스가 잘 어울리나요?,0,1,3,4,5,6,
76,-1,-1,18,이 햄버거는 너무 쫄깃해서 좋아요.,0,1,3,5,5,6,
77,-1,-1,18,제일 좋아하는 햄버거 가게인데,0,1,4,4,4,6,
78,-1,-1,18,다른 곳에서 먹어본 햄버거와는 맛이 다르네.,0,1,4,4,5,6,
79,-1,-1,18,제일 좋아하는 햄버거 가게인데,0,1,4,5,5,6,
80,-1,-1,18,다른 곳에서 먹어본 햄버거와는 맛이 다르네.,0,1,5,5,5,6,
81,-1,-1,18,이 햄버거에는 어떤 소스가 잘 어울리나요?,0,2,2,3,3,6,
82,-1,-1,18,이 햄버거는 너무 쫄깃해서 좋아요.,0,2,2,3,4,6,
83,-1,-1,18,제일 좋아하는 햄버거 가게인데,0,2,2,3,5,6,
84,-1,-1,18,다른 곳에서 먹어본 햄버거와는 맛이 다르네.,0,2,2,4,4,6,
85,-1,-1,18,이 햄버거 맛있어서 더 먹고 싶어져.,0,2,2,4,5,6,
86,-1,-1,18,제일 좋아하는 햄버거 가게인데,0,2,2,5,5,6,
87,-1,-1,18,이 햄버거 맛있어서 더 먹고 싶어져.,0,2,3,3,4,6,
88,-1,-1,18,이 햄버거의 맛과 향이 정말 일품이에요.,0,2,3,3,5,6,
89,-1,-1,18,다음에도 여기서 햄버거 시켜야겠어.,0,2,3,4,4,6,
90,-1,-1,18,다음에도 여기서 햄버거 시켜야겠어.,0,2,3,4,5,6,
91,-1,-1,18,이 햄버거에는 어떤 소스가 잘 어울리나요?,0,2,3,5,5,6,
92,-1,-1,18,이 햄버거는 너무 쫄깃해서 좋아요.,0,2,4,4,4,6,
93,-1,-1,18,제일 좋아하는 햄버거 가게인데,0,2,4,4,5,6,
94,-1,-1,18,다른 곳에서 먹어본 햄버거와는 맛이 다르네.,0,2,4,5,5,6,
95,-1,-1,18,이 햄버거 맛있어서 더 먹고 싶어져.,0,2,5,5,5,6,
96,-1,-1,18,이 햄버거에는 어떤 소스가 잘 어울리나요?,0,3,3,4,4,6,
97,-1,-1,18,이 햄버거는 너무 쫄깃해서 좋아요.,0,3,3,4,5,6,
98,-1,-1,18,제일 좋아하는 햄버거 가게인데,0,3,3,5,5,6,
99,-1,-1,18,다른 곳에서 먹어본 햄버거와는 맛이 다르네.,0,3,4,4,4,6,
100,-1,-1,18,제일 좋아하는 햄버거 가게인데,0,3,4,4,5,6,
101,-1,-1,18,다른 곳에서 먹어본 햄버거와는 맛이 다르네.,0,3,4,5,5,6,
102,-1,-1,18,이 햄버거 맛있어서 더 먹고 싶어져.,0,3,5,5,5,6,
103,-1,-1,18,이 햄버거의 맛과 향이 정말 일품이에요.,0,4,4,4,4,6,
104,-1,-1,18,다음에도 여기서 햄버거 시켜야겠어.,0,4,4,4,5,6,
105,-1,-1,18,다음에도 여기서 햄버거 시켜야겠어.,0,4,4,5,5,6,
106,-1,-1,18,이 햄버거에는 어떤 소스가 잘 어울리나요?,0,4,5,5,5,6,
107,-1,-1,18,이 햄버거는 너무 쫄깃해서 좋아요.,0,5,5,5,5,6,
108,-1,-1,18,이 햄버거는 너무 쫄깃해서 좋아요.,0,1,1,2,2,3,6
109,-1,-1,18,제일 좋아하는 햄버거 가게인데,0,1,1,2,2,4,6
110,-1,-1,18,다른 곳에서 먹어본 햄버거와는 맛이 다르네.,0,1,1,2,2,5,6
111,-1,-1,18,이 햄버거 맛있어서 더 먹고 싶어져.,0,1,1,2,3,3,6
112,-1,-1,18,이 햄버거의 맛과 향이 정말 일품이에요.,0,1,1,2,3,4,6
113,-1,-1,18,다음에도 여기서 햄버거 시켜야겠어.,0,1,1,2,3,5,6
114,-1,-1,18,다음에도 여기서 햄버거 시켜야겠어.,0,1,1,2,4,4,6
115,-1,-1,18,이 햄버거에는 어떤 소스가 잘 어울리나요?,0,1,1,2,4,5,6
116,-1,-1,18,이 햄버거는 너무 쫄깃해서 좋아요.,0,1,1,2,5,5,6
117,-1,-1,18,제일 좋아하는 햄버거 가게인데,0,1,1,3,3,3,6
118,-1,-1,18,다른 곳에서 먹어본 햄버거와는 맛이 다르네.,0,1,1,3,3,4,6
119,-1,-1,18,제일 좋아하는 햄버거 가게인데,0,1,1,3,3,5,6
120,-1,-1,18,다른 곳에서 먹어본 햄버거와는 맛이 다르네.,0,1,1,3,4,4,6
121,-1,-1,18,이 햄버거 맛있어서 더 먹고 싶어져.,0,1,1,3,4,5,6
122,-1,-1,18,이 햄버거의 맛과 향이 정말 일품이에요.,0,1,1,3,5,5,6
123,-1,-1,18,다음에도 여기서 햄버거 시켜야겠어.,0,1,1,4,4,4,6
124,-1,-1,18,다음에도 여기서 햄버거 시켜야겠어.,0,1,1,4,4,5,6
125,-1,-1,18,이 햄버거에는 어떤 소스가 잘 어울리나요?,0,1,1,4,5,5,6
126,-1,-1,18,다음에도 여기서 햄버거 시켜야겠어.,0,1,2,2,3,3,6
127,-1,-1,18,이 햄버거에는 어떤 소스가 잘 어울리나요?,0,1,2,2,3,4,6
128,-1,-1,18,이 햄버거는 너무 쫄깃해서 좋아요.,0,1,2,2,3,5,6
129,-1,-1,18,제일 좋아하는 햄버거 가게인데,0,1,2,2,4,4,6
130,-1,-1,18,다른 곳에서 먹어본 햄버거와는 맛이 다르네.,0,1,2,2,4,5,6
131,-1,-1,18,이 햄버거 맛있어서 더 먹고 싶어져.,0,1,2,2,5,5,6
132,-1,-1,18,다른 곳에서 먹어본 햄버거와는 맛이 다르네.,0,1,2,3,3,4,6
133,-1,-1,18,이 햄버거 맛있어서 더 먹고 싶어져.,0,1,2,3,3,5,6
134,-1,-1,18,이 햄버거의 맛과 향이 정말 일품이에요.,0,1,2,3,4,4,6
135,-1,-1,18,다음에도 여기서 햄버거 시켜야겠어.,0,1,2,3,4,5,6
136,-1,-1,18,다음에도 여기서 햄버거 시켜야겠어.,0,1,2,3,5,5,6
137,-1,-1,18,이 햄버거에는 어떤 소스가 잘 어울리나요?,0,1,2,4,4,4,6
138,-1,-1,18,이 햄버거는 너무 쫄깃해서 좋아요.,0,1,2,4,4,5,6
139,-1,-1,18,제일 좋아하는 햄버거 가게인데,0,1,2,4,5,5,6
140,-1,-1,18,다른 곳에서 먹어본 햄버거와는 맛이 다르네.,0,1,2,5,5,5,6
141,-1,-1,18,다음에도 여기서 햄버거 시켜야겠어.,0,1,3,3,4,4,6
142,-1,-1,18,이 햄버거에는 어떤 소스가 잘 어울리나요?,0,1,3,3,4,5,6
143,-1,-1,18,이 햄버거는 너무 쫄깃해서 좋아요.,0,1,3,3,5,5,6
144,-1,-1,18,제일 좋아하는 햄버거 가게인데,0,1,3,4,4,4,6
145,-1,-1,18,다른 곳에서 먹어본 햄버거와는 맛이 다르네.,0,1,3,4,4,5,6
146,-1,-1,18,제일 좋아하는 햄버거 가게인데,0,1,3,4,5,5,6
147,-1,-1,18,다른 곳에서 먹어본 햄버거와는 맛이 다르네.,0,1,3,5,5,5,6
148,-1,-1,18,이 햄버거 맛있어서 더 먹고 싶어져.,0,1,4,4,4,4,6
149,-1,-1,18,이 햄버거의 맛과 향이 정말 일품이에요.,0,1,4,4,4,5,6
150,-1,-1,18,다음에도 여기서 햄버거 시켜야겠어.,0,1,4,4,5,5,6
151,-1,-1,18,다음에도 여기서 햄버거 시켜야겠어.,0,1,4,5,5,5,6
152,-1,-1,18,이 햄버거에는 어떤 소스가 잘 어울리나요?,0,1,5,5,5,5,6
153,-1,-1,18,다른 곳에서 먹어본 햄버거와는 맛이 다르네.,0,2,2,3,3,4,6
154,-1,-1,18,이 햄버거 맛있어서 더 먹고 싶어져.,0,2,2,3,3,5,6
155,-1,-1,18,이 햄버거의 맛과 향이 정말 일품이에요.,0,2,2,3,4,4,6
156,-1,-1,18,다음에도 여기서 햄버거 시켜야겠어.,0,2,2,3,4,5,6
157,-1,-1,18,다음에도 여기서 햄버거 시켜야겠어.,0,2,2,3,5,5,6
158,-1,-1,18,이 햄버거에는 어떤 소스가 잘 어울리나요?,0,2,2,4,4,4,6
159,-1,-1,18,이 햄버거는 너무 쫄깃해서 좋아요.,0,2,2,4,4,5,6
160,-1,-1,18,제일 좋아하는 햄버거 가게인데,0,2,2,4,5,5,6
161,-1,-1,18,다른 곳에서 먹어본 햄버거와는 맛이 다르네.,0,2,2,5,5,5,6
162,-1,-1,18,다음에도 여기서 햄버거 시켜야겠어.,0,2,3,3,4,4,6
163,-1,-1,18,이 햄버거에는 어떤 소스가 잘 어울리나요?,0,2,3,3,4,5,6
164,-1,-1,18,이 햄버거는 너무 쫄깃해서 좋아요.,0,2,3,3,5,5,6
165,-1,-1,18,제일 좋아하는 햄버거 가게인데,0,2,3,4,4,4,6
166,-1,-1,18,다른 곳에서 먹어본 햄버거와는 맛이 다르네.,0,2,3,4,4,5,6
167,-1,-1,18,제일 좋아하는 햄버거 가게인데,0,2,3,4,5,5,6
168,-1,-1,18,다른 곳에서 먹어본 햄버거와는 맛이 다르네.,0,2,3,5,5,5,6
169,-1,-1,18,이 햄버거 맛있어서 더 먹고 싶어져.,0,2,4,4,4,4,6
170,-1,-1,18,이 햄버거의 맛과 향이 정말 일품이에요.,0,2,4,4,4,5,6
171,-1,-1,18,다음에도 여기서 햄버거 시켜야겠어.,0,2,4,4,5,5,6
172,-1,-1,18,다음에도 여기서 햄버거 시켜야겠어.,0,2,4,5,5,5,6
173,-1,-1,18,이 햄버거에는 어떤 소스가 잘 어울리나요?,0,2,5,5,5,5,6
174,-1,-1,18,이 햄버거에는 어떤 소스가 잘 어울리나요?,0,3,3,4,4,4,6
175,-1,-1,18,이 햄버거는 너무 쫄깃해서 좋아요.,0,3,3,4,4,5,6
176,-1,-1,18,제일 좋아하는 햄버거 가게인데,0,3,3,4,5,5,6
177,-1,-1,18,다른 곳에서 먹어본 햄버거와는 맛이 다르네.,0,3,3,5,5,5,6
178,-1,-1,18,이 햄버거 맛있어서 더 먹고 싶어져.,0,3,4,4,4,4,6
179,-1,-1,18,제일 좋아하는 햄버거 가게인데,0,3,4,4,4,5,6
180,-1,-1,18,다른 곳에서 먹어본 햄버거와는 맛이 다르네.,0,3,4,4,5,5,6
181,-1,-1,18,이 햄버거 맛있어서 더 먹고 싶어져.,0,3,4,5,5,5,6
182,-1,-1,18,이 햄버거의 맛과 향이 정말 일품이에요.,0,4,4,4,4,4,6
183,-1,-1,18,다음에도 여기서 햄버거 시켜야겠어.,0,4,4,4,4,5,6
184,-1,-1,18,다음에도 여기서 햄버거 시켜야겠어.,0,4,4,4,5,5,6
185,-1,-1,18,이 햄버거에는 어떤 소스가 잘 어울리나요?,0,4,4,5,5,5,6
186,1,-1,14,이 햄버거는 다른 곳에서 먹는 것보다 맛있어.,0,6,,,,,
187,1,-1,15,토핑을 조금 더 추가해야겠어.,0,1,6,,,,
188,1,-1,16,이 가격에 이렇게 맛있는 햄버거를 먹을 수 있다니 대박이야.,0,2,6,,,,
189,1,-1,20,이 햄버거의 비율이 정말 좋아.,0,3,6,,,,
190,1,-1,16,맛있는 햄버거를 먹으니까 기분이 좋아져.,0,4,6,,,,
191,1,-1,17,이 햄버거에는 어떤 소스가 잘 어울리나요?,0,5,6,,,,
192,1,-1,18,이 햄버거는 너무 쫄깃해서 좋아요.,0,1,1,6,,,
193,1,-1,19,제일 좋아하는 햄버거 가게인데,0,1,2,6,,,
194,1,-1,20,다른 곳에서 먹어본 햄버거와는 맛이 다르네.,0,1,3,6,,,
195,1,-1,21,이 햄버거 맛있어서 더 먹고 싶어져.,0,1,4,6,,,
196,1,-1,22,이 햄버거의 맛과 향이 정말 일품이에요.,0,1,5,6,,,
197,1,-1,23,다음에도 여기서 햄버거 시켜야겠어.,0,2,2,6,,,
198,1,-1,24,이 햄버거의 고기가 정말 신선한 것 같아.,0,2,3,6,,,
199,1,-1,25,햄버거는 이 곳에서 먹어본 것 중에 제일 맛있어.,0,2,4,6,,,
200,1,-1,16,이 햄버거는 먹으면 먹을수록 맛있어.,0,2,5,6,,,
201,1,-1,17,이 햄버거는 먹을 때마다 신선한 재료를 사용하는 것 같아.,0,3,3,6,,,
202,1,-1,18,이 곳에서 파는 햄버거는 정말 고급진 느낌이에요.,0,3,4,6,,,
203,1,-1,19,제일 좋아하는 햄버거 조합은 뭐죠?,0,3,5,6,,,
204,1,-1,20,이 햄버거는 맛있어서 여기 자주 올 것 같아.,0,4,4,6,,,
205,1,-1,21,여기서 파는 햄버거는 먹으면 먹을수록 매력적이에요.,0,4,5,6,,,
206,1,-1,22,이 곳의 햄버거는 다른 곳에서 먹는 것보다 진짜 맛있어.,0,5,5,6,,,
207,1,-1,24,이 곳에서 파는 햄버거는 제가 먹어본 것 중에서 제일 맛있어요.,0,1,1,2,6,,
208,1,-1,18,이 햄버거는 정말 크기가 커서 배불러요.,0,1,1,3,6,,
209,1,-1,18,이 햄버거에는 어떤 소스가 잘 어울리나요?,0,1,1,4,6,,
210,1,-1,18,이 햄버거는 너무 쫄깃해서 좋아요.,0,1,1,5,6,,
211,1,-1,18,제일 좋아하는 햄버거 가게인데,0,1,2,2,6,,
212,1,-1,18,다른 곳에서 먹어본 햄버거와는 맛이 다르네.,0,1,2,3,6,,
213,1,-1,18,이 햄버거 맛있어서 더 먹고 싶어져.,0,1,2,4,6,,
214,1,-1,18,이 햄버거의 맛과 향이 정말 일품이에요.,0,1,2,5,6,,
215,1,-1,18,다음에도 여기서 햄버거 시켜야겠어.,0,1,3,3,6,,
216,1,-1,18,이 햄버거의 고기가 정말 신선한 것 같아.,0,1,3,4,6,,
217,1,-1,18,햄버거는 이 곳에서 먹어본 것 중에 제일 맛있어.,0,1,3,5,6,,
218,1,-1,18,이 햄버거는 먹으면 먹을수록 맛있어.,0,1,4,4,6,,
219,1,-1,18,이 햄버거는 먹을 때마다 신선한 재료를 사용하는 것 같아.,0,1,4,5,6,,
220,1,-1,18,이 곳에서 파는 햄버거는 정말 고급진 느낌이에요.,0,1,5,5,6,,
221,1,-1,18,이 햄버거는 맛있어서 여기 자주 올 것 같아.,0,2,2,3,6,,
222,1,-1,18,여기서 파는 햄버거는 먹으면 먹을수록 매력적이에요.,0,2,2,4,6,,
223,1,-1,18,이 곳의 햄버거는 다른 곳에서 먹는 것보다 진짜 맛있어.,0,2,2,5,6,,
224,1,-1,18,이 햄버거는 먹으면서 새로운 맛을 경험하게 해줘.,0,2,3,3,6,,
225,1,-1,18,이 곳에서 파는 햄버거는 제가 먹어본 것 중에서 제일 맛있어요.,0,2,3,4,6,,
226,1,-1,18,이 햄버거는 정말 크기가 커서 배불러요.,0,2,3,5,6,,
227,1,-1,18,이 햄버거에는 어떤 소스가 잘 어울리나요?,0,2,4,4,6,,
228,1,-1,18,이 햄버거는 너무 쫄깃해서 좋아요.,0,2,4,5,6,,
229,1,-1,18,제일 좋아하는 햄버거 가게인데,0,2,5,5,6,,
230,1,-1,18,이 햄버거 맛있어서 더 먹고 싶어져.,0,3,3,4,6,,
231,1,-1,18,이 햄버거의 맛과 향이 정말 일품이에요.,0,3,3,5,6,,
232,1,-1,18,다음에도 여기서 햄버거 시켜야겠어.,0,3,4,4,6,,
233,1,-1,18,다음에도 여기서 햄버거 시켜야겠어.,0,3,4,5,6,,
234,1,-1,18,이 햄버거에는 어떤 소스가 잘 어울리나요?,0,3,5,5,6,,
235,1,-1,18,이 햄버거는 너무 쫄깃해서 좋아요.,0,4,4,4,6,,
236,1,-1,18,제일 좋아하는 햄버거 가게인데,0,4,4,5,6,,
237,1,-1,18,다른 곳에서 먹어본 햄버거와는 맛이 다르네.,0,4,5,5,6,,
238,1,-1,18,이 햄버거 맛있어서 더 먹고 싶어져.,0,5,5,5,6,,
239,1,-1,18,제일 좋아하는 햄버거 가게인데,0,1,1,2,2,6,
240,1,-1,18,다른 곳에서 먹어본 햄버거와는 맛이 다르네.,0,1,1,2,3,6,
241,1,-1,18,이 햄버거 맛있어서 더 먹고 싶어져.,0,1,1,2,4,6,
242,1,-1,18,이 햄버거의 맛과 향이 정말 일품이에요.,0,1,1,2,5,6,
243,1,-1,18,다음에도 여기서 햄버거 시켜야겠어.,0,1,1,3,3,6,
244,1,-1,18,다음에도 여기서 햄버거 시켜야겠어.,0,1,1,3,4,6,
245,1,-1,18,이 햄버거에는 어떤 소스가 잘 어울리나요?,0,1,1,3,5,6,
246,1,-1,18,이 햄버거는 너무 쫄깃해서 좋아요.,0,1,1,4,4,6,
247,1,-1,18,제일 좋아하는 햄버거 가게인데,0,1,1,4,5,6,
248,1,-1,18,다른 곳에서 먹어본 햄버거와는 맛이 다르네.,0,1,1,5,5,6,
249,1,-1,18,다른 곳에서 먹어본 햄버거와는 맛이 다르네.,0,1,2,2,3,6,
250,1,-1,18,이 햄버거 맛있어서 더 먹고 싶어져.,0,1,2,2,4,6,
251,1,-1,18,이 햄버거의 맛과 향이 정말 일품이에요.,0,1,2,2,5,6,
252,1,-1,18,다음에도 여기서 햄버거 시켜야겠어.,0,1,2,3,3,6,
253,1,-1,18,다음에도 여기서 햄버거 시켜야겠어.,0,1,2,3,4,6,
254,1,-1,18,이 햄버거에는 어떤 소스가 잘 어울리나요?,0,1,2,3,5,6,
255,1,-1,18,이 햄버거는 너무 쫄깃해서 좋아요.,0,1,2,4,4,6,
256,1,-1,18,제일 좋아하는 햄버거 가게인데,0,1,2,4,5,6,
257,1,-1,18,다른 곳에서 먹어본 햄버거와는 맛이 다르네.,0,1,2,5,5,6,
258,1,-1,18,이 햄버거의 맛과 향이 정말 일품이에요.,0,1,3,3,4,6,
259,1,-1,18,다음에도 여기서 햄버거 시켜야겠어.,0,1,3,3,5,6,
260,1,-1,18,다음에도 여기서 햄버거 시켜야겠어.,0,1,3,4,4,6,
261,1,-1,18,이 햄버거에는 어떤 소스가 잘 어울리나요?,0,1,3,4,5,6,
262,1,-1,18,이 햄버거는 너무 쫄깃해서 좋아요.,0,1,3,5,5,6,
263,1,-1,18,제일 좋아하는 햄버거 가게인데,0,1,4,4,4,6,
264,1,-1,18,다른 곳에서 먹어본 햄버거와는 맛이 다르네.,0,1,4,4,5,6,
265,1,-1,18,제일 좋아하는 햄버거 가게인데,0,1,4,5,5,6,
266,1,-1,18,다른 곳에서 먹어본 햄버거와는 맛이 다르네.,0,1,5,5,5,6,
267,1,-1,18,이 햄버거에는 어떤 소스가 잘 어울리나요?,0,2,2,3,3,6,
268,1,-1,18,이 햄버거는 너무 쫄깃해서 좋아요.,0,2,2,3,4,6,
269,1,-1,18,제일 좋아하는 햄버거 가게인데,0,2,2,3,5,6,
270,1,-1,18,다른 곳에서 먹어본 햄버거와는 맛이 다르네.,0,2,2,4,4,6,
271,1,-1,18,이 햄버거 맛있어서 더 먹고 싶어져.,0,2,2,4,5,6,
272,1,-1,18,제일 좋아하는 햄버거 가게인데,0,2,2,5,5,6,
273,1,-1,18,이 햄버거 맛있어서 더 먹고 싶어져.,0,2,3,3,4,6,
274,1,-1,18,이 햄버거의 맛과 향이 정말 일품이에요.,0,2,3,3,5,6,
275,1,-1,18,다음에도 여기서 햄버거 시켜야겠어.,0,2,3,4,4,6,
276,1,-1,18,다음에도 여기서 햄버거 시켜야겠어.,0,2,3,4,5,6,
277,1,-1,18,이 햄버거에는 어떤 소스가 잘 어울리나요?,0,2,3,5,5,6,
278,1,-1,18,이 햄버거는 너무 쫄깃해서 좋아요.,0,2,4,4,4,6,
279,1,-1,18,제일 좋아하는 햄버거 가게인데,0,2,4,4,5,6,
280,1,-1,18,다른 곳에서 먹어본 햄버거와는 맛이 다르네.,0,2,4,5,5,6,
281,1,-1,18,이 햄버거 맛있어서 더 먹고 싶어져.,0,2,5,5,5,6,
282,1,-1,18,이 햄버거에는 어떤 소스가 잘 어울리나요?,0,3,3,4,4,6,
283,1,-1,18,이 햄버거는 너무 쫄깃해서 좋아요.,0,3,3,4,5,6,
284,1,-1,18,제일 좋아하는 햄버거 가게인데,0,3,3,5,5,6,
285,1,-1,18,다른 곳에서 먹어본 햄버거와는 맛이 다르네.,0,3,4,4,4,6,
286,1,-1,18,제일 좋아하는 햄버거 가게인데,0,3,4,4,5,6,
287,1,-1,18,다른 곳에서 먹어본 햄버거와는 맛이 다르네.,0,3,4,5,5,6,
288,1,-1,18,이 햄버거 맛있어서 더 먹고 싶어져.,0,3,5,5,5,6,
289,1,-1,18,이 햄버거의 맛과 향이 정말 일품이에요.,0,4,4,4,4,6,
290,1,-1,18,다음에도 여기서 햄버거 시켜야겠어.,0,4,4,4,5,6,
291,1,-1,18,다음에도 여기서 햄버거 시켜야겠어.,0,4,4,5,5,6,
292,1,-1,18,이 햄버거에는 어떤 소스가 잘 어울리나요?,0,4,5,5,5,6,
293,1,-1,18,이 햄버거는 너무 쫄깃해서 좋아요.,0,5,5,5,5,6,
294,1,-1,18,이 햄버거는 너무 쫄깃해서 좋아요.,0,1,1,2,2,3,6
295,1,-1,18,제일 좋아하는 햄버거 가게인데,0,1,1,2,2,4,6
296,1,-1,18,다른 곳에서 먹어본 햄버거와는 맛이 다르네.,0,1,1,2,2,5,6
297,1,-1,18,이 햄버거 맛있어서 더 먹고 싶어져.,0,1,1,2,3,3,6
298,1,-1,18,이 햄버거의 맛과 향이 정말 일품이에요.,0,1,1,2,3,4,6
299,1,-1,18,다음에도 여기서 햄버거 시켜야겠어.,0,1,1,2,3,5,6
300,1,-1,18,다음에도 여기서 햄버거 시켜야겠어.,0,1,1,2,4,4,6
301,1,-1,18,이 햄버거에는 어떤 소스가 잘 어울리나요?,0,1,1,2,4,5,6
302,1,-1,18,이 햄버거는 너무 쫄깃해서 좋아요.,0,1,1,2,5,5,6
303,1,-1,18,제일 좋아하는 햄버거 가게인데,0,1,1,3,3,3,6
304,1,-1,18,다른 곳에서 먹어본 햄버거와는 맛이 다르네.,0,1,1,3,3,4,6
305,1,-1,18,제일 좋아하는 햄버거 가게인데,0,1,1,3,3,5,6
306,1,-1,18,다른 곳에서 먹어본 햄버거와는 맛이 다르네.,0,1,1,3,4,4,6
307,1,-1,18,이 햄버거 맛있어서 더 먹고 싶어져.,0,1,1,3,4,5,6
308,1,-1,18,이 햄버거의 맛과 향이 정말 일품이에요.,0,1,1,3,5,5,6
309,1,-1,18,다음에도 여기서 햄버거 시켜야겠어.,0,1,1,4,4,4,6
310,1,-1,18,다음에도 여기서 햄버거 시켜야겠어.,0,1,1,4,4,5,6
311,1,-1,18,이 햄버거에는 어떤 소스가 잘 어울리나요?,0,1,1,4,5,5,6
312,1,-1,18,다음에도 여기서 햄버거 시켜야겠어.,0,1,2,2,3,3,6
313,1,-1,18,이 햄버거에는 어떤 소스가 잘 어울리나요?,0,1,2,2,3,4,6
314,1,-1,18,이 햄버거는 너무 쫄깃해서 좋아요.,0,1,2,2,3,5,6
315,1,-1,18,제일 좋아하는 햄버거 가게인데,0,1,2,2,4,4,6
316,1,-1,18,다른 곳에서 먹어본 햄버거와는 맛이 다르네.,0,1,2,2,4,5,6
317,1,-1,18,이 햄버거 맛있어서 더 먹고 싶어져.,0,1,2,2,5,5,6
318,1,-1,18,다른 곳에서 먹어본 햄버거와는 맛이 다르네.,0,1,2,3,3,4,6
319,1,-1,18,이 햄버거 맛있어서 더 먹고 싶어져.,0,1,2,3,3,5,6
320,1,-1,18,이 햄버거의 맛과 향이 정말 일품이에요.,0,1,2,3,4,4,6
321,1,-1,18,다음에도 여기서 햄버거 시켜야겠어.,0,1,2,3,4,5,6
322,1,-1,18,다음에도 여기서 햄버거 시켜야겠어.,0,1,2,3,5,5,6
323,1,-1,18,이 햄버거에는 어떤 소스가 잘 어울리나요?,0,1,2,4,4,4,6
324,1,-1,18,이 햄버거는 너무 쫄깃해서 좋아요.,0,1,2,4,4,5,6
325,1,-1,18,제일 좋아하는 햄버거 가게인데,0,1,2,4,5,5,6
326,1,-1,18,다른 곳에서 먹어본 햄버거와는 맛이 다르네.,0,1,2,5,5,5,6
327,1,-1,18,다음에도 여기서 햄버거 시켜야겠어.,0,1,3,3,4,4,6
328,1,-1,18,이 햄버거에는 어떤 소스가 잘 어울리나요?,0,1,3,3,4,5,6
329,1,-1,18,이 햄버거는 너무 쫄깃해서 좋아요.,0,1,3,3,5,5,6
330,1,-1,18,제일 좋아하는 햄버거 가게인데,0,1,3,4,4,4,6
331,1,-1,18,다른 곳에서 먹어본 햄버거와는 맛이 다르네.,0,1,3,4,4,5,6
332,1,-1,18,제일 좋아하는 햄버거 가게인데,0,1,3,4,5,5,6
333,1,-1,18,다른 곳에서 먹어본 햄버거와는 맛이 다르네.,0,1,3,5,5,5,6
334,1,-1,18,이 햄버거 맛있어서 더 먹고 싶어져.,0,1,4,4,4,4,6
335,1,-1,18,이 햄버거의 맛과 향이 정말 일품이에요.,0,1,4,4,4,5,6
336,1,-1,18,다음에도 여기서 햄버거 시켜야겠어.,0,1,4,4,5,5,6
337,1,-1,18,다음에도 여기서 햄버거 시켜야겠어.,0,1,4,5,5,5,6
338,1,-1,18,이 햄버거에는 어떤 소스가 잘 어울리나요?,0,1,5,5,5,5,6
339,1,-1,18,다른 곳에서 먹어본 햄버거와는 맛이 다르네.,0,2,2,3,3,4,6
340,1,-1,18,이 햄버거 맛있어서 더 먹고 싶어져.,0,2,2,3,3,5,6
341,1,-1,18,이 햄버거의 맛과 향이 정말 일품이에요.,0,2,2,3,4,4,6
342,1,-1,18,다음에도 여기서 햄버거 시켜야겠어.,0,2,2,3,4,5,6
343,1,-1,18,다음에도 여기서 햄버거 시켜야겠어.,0,2,2,3,5,5,6
344,1,-1,18,이 햄버거에는 어떤 소스가 잘 어울리나요?,0,2,2,4,4,4,6
345,1,-1,18,이 햄버거는 너무 쫄깃해서 좋아요.,0,2,2,4,4,5,6
346,1,-1,18,제일 좋아하는 햄버거 가게인데,0,2,2,4,5,5,6
347,1,-1,18,다른 곳에서 먹어본 햄버거와는 맛이 다르네.,0,2,2,5,5,5,6
348,1,-1,18,다음에도 여기서 햄버거 시켜야겠어.,0,2,3,3,4,4,6
349,1,-1,18,이 햄버거에는 어떤 소스가 잘 어울리나요?,0,2,3,3,4,5,6
350,1,-1,18,이 햄버거는 너무 쫄깃해서 좋아요.,0,2,3,3,5,5,6
351,1,-1,18,제일 좋아하는 햄버거 가게인데,0,2,3,4,4,4,6
352,1,-1,18,다른 곳에서 먹어본 햄버거와는 맛이 다르네.,0,2,3,4,4,5,6
353,1,-1,18,제일 좋아하는 햄버거 가게인데,0,2,3,4,5,5,6
354,1,-1,18,다른 곳에서 먹어본 햄버거와는 맛이 다르네.,0,2,3,5,5,5,6
355,1,-1,18,이 햄버거 맛있어서 더 먹고 싶어져.,0,2,4,4,4,4,6
356,1,-1,18,이 햄버거의 맛과 향이 정말 일품이에요.,0,2,4,4,4,5,6
357,1,-1,18,다음에도 여기서 햄버거 시켜야겠어.,0,2,4,4,5,5,6
358,1,-1,18,다음에도 여기서 햄버거 시켜야겠어.,0,2,4,5,5,5,6
359,1,-1,18,이 햄버거에는 어떤 소스가 잘 어울리나요?,0,2,5,5,5,5,6
360,1,-1,18,이 햄버거에는 어떤 소스가 잘 어울리나요?,0,3,3,4,4,4,6
361,1,-1,18,이 햄버거는 너무 쫄깃해서 좋아요.,0,3,3,4,4,5,6
362,1,-1,18,제일 좋아하는 햄버거 가게인데,0,3,3,4,5,5,6
363,1,-1,18,다른 곳에서 먹어본 햄버거와는 맛이 다르네.,0,3,3,5,5,5,6
364,1,-1,18,이 햄버거 맛있어서 더 먹고 싶어져.,0,3,4,4,4,4,6
365,1,-1,18,제일 좋아하는 햄버거 가게인데,0,3,4,4,4,5,6
366,1,-1,18,다른 곳에서 먹어본 햄버거와는 맛이 다르네.,0,3,4,4,5,5,6
367,1,-1,18,이 햄버거 맛있어서 더 먹고 싶어져.,0,3,4,5,5,5,6
368,1,-1,18,이 햄버거의 맛과 향이 정말 일품이에요.,0,4,4,4,4,4,6
369,1,-1,18,다음에도 여기서 햄버거 시켜야겠어.,0,4,4,4,4,5,6
370,1,-1,18,다음에도 여기서 햄버거 시켜야겠어.,0,4,4,4,5,5,6
371,1,-1,18,이 햄버거에는 어떤 소스가 잘 어울리나요?,0,4,4,5,5,5,6
372,-1,1,14,이 햄버거는 다른 곳에서 먹는 것보다 맛있어.,0,6,,,,,
373,-1,1,15,토핑을 조금 더 추가해야겠어.,0,1,6,,,,
374,-1,1,16,이 가격에 이렇게 맛있는 햄버거를 먹을 수 있다니 대박이야.,0,2,6,,,,
375,-1,1,20,이 햄버거의 비율이 정말 좋아.,0,3,6,,,,
376,-1,1,16,맛있는 햄버거를 먹으니까 기분이 좋아져.,0,4,6,,,,
377,-1,1,17,이 햄버거에는 어떤 소스가 잘 어울리나요?,0,5,6,,,,
378,-1,1,18,이 햄버거는 너무 쫄깃해서 좋아요.,0,1,1,6,,,
379,-1,1,19,제일 좋아하는 햄버거 가게인데,0,1,2,6,,,
380,-1,1,20,다른 곳에서 먹어본 햄버거와는 맛이 다르네.,0,1,3,6,,,
381,-1,1,21,이 햄버거 맛있어서 더 먹고 싶어져.,0,1,4,6,,,
382,-1,1,22,이 햄버거의 맛과 향이 정말 일품이에요.,0,1,5,6,,,
383,-1,1,23,다음에도 여기서 햄버거 시켜야겠어.,0,2,2,6,,,
384,-1,1,24,이 햄버거의 고기가 정말 신선한 것 같아.,0,2,3,6,,,
385,-1,1,25,햄버거는 이 곳에서 먹어본 것 중에 제일 맛있어.,0,2,4,6,,,
386,-1,1,16,이 햄버거는 먹으면 먹을수록 맛있어.,0,2,5,6,,,
387,-1,1,17,이 햄버거는 먹을 때마다 신선한 재료를 사용하는 것 같아.,0,3,3,6,,,
388,-1,1,18,이 곳에서 파는 햄버거는 정말 고급진 느낌이에요.,0,3,4,6,,,
389,-1,1,19,제일 좋아하는 햄버거 조합은 뭐죠?,0,3,5,6,,,
390,-1,1,20,이 햄버거는 맛있어서 여기 자주 올 것 같아.,0,4,4,6,,,
391,-1,1,21,여기서 파는 햄버거는 먹으면 먹을수록 매력적이에요.,0,4,5,6,,,
392,-1,1,22,이 곳의 햄버거는 다른 곳에서 먹는 것보다 진짜 맛있어.,0,5,5,6,,,
393,-1,1,24,이 곳에서 파는 햄버거는 제가 먹어본 것 중에서 제일 맛있어요.,0,1,1,2,6,,
394,-1,1,18,이 햄버거는 정말 크기가 커서 배불러요.,0,1,1,3,6,,
395,-1,1,18,이 햄버거에는 어떤 소스가 잘 어울리나요?,0,1,1,4,6,,
396,-1,1,18,이 햄버거는 너무 쫄깃해서 좋아요.,0,1,1,5,6,,
397,-1,1,18,제일 좋아하는 햄버거 가게인데,0,1,2,2,6,,
398,-1,1,18,다른 곳에서 먹어본 햄버거와는 맛이 다르네.,0,1,2,3,6,,
399,-1,1,18,이 햄버거 맛있어서 더 먹고 싶어져.,0,1,2,4,6,,
400,-1,1,18,이 햄버거의 맛과 향이 정말 일품이에요.,0,1,2,5,6,,
401,-1,1,18,다음에도 여기서 햄버거 시켜야겠어.,0,1,3,3,6,,
402,-1,1,18,이 햄버거의 고기가 정말 신선한 것 같아.,0,1,3,4,6,,
403,-1,1,18,햄버거는 이 곳에서 먹어본 것 중에 제일 맛있어.,0,1,3,5,6,,
404,-1,1,18,이 햄버거는 먹으면 먹을수록 맛있어.,0,1,4,4,6,,
405,-1,1,18,이 햄버거는 먹을 때마다 신선한 재료를 사용하는 것 같아.,0,1,4,5,6,,
406,-1,1,18,이 곳에서 파는 햄버거는 정말 고급진 느낌이에요.,0,1,5,5,6,,
407,-1,1,18,이 햄버거는 맛있어서 여기 자주 올 것 같아.,0,2,2,3,6,,
408,-1,1,18,여기서 파는 햄버거는 먹으면 먹을수록 매력적이에요.,0,2,2,4,6,,
409,-1,1,18,이 곳의 햄버거는 다른 곳에서 먹는 것보다 진짜 맛있어.,0,2,2,5,6,,
410,-1,1,18,이 햄버거는 먹으면서 새로운 맛을 경험하게 해줘.,0,2,3,3,6,,
411,-1,1,18,이 곳에서 파는 햄버거는 제가 먹어본 것 중에서 제일 맛있어요.,0,2,3,4,6,,
412,-1,1,18,이 햄버거는 정말 크기가 커서 배불러요.,0,2,3,5,6,,
413,-1,1,18,이 햄버거에는 어떤 소스가 잘 어울리나요?,0,2,4,4,6,,
414,-1,1,18,이 햄버거는 너무 쫄깃해서 좋아요.,0,2,4,5,6,,
415,-1,1,18,제일 좋아하는 햄버거 가게인데,0,2,5,5,6,,
416,-1,1,18,이 햄버거 맛있어서 더 먹고 싶어져.,0,3,3,4,6,,
417,-1,1,18,이 햄버거의 맛과 향이 정말 일품이에요.,0,3,3,5,6,,
418,-1,1,18,다음에도 여기서 햄버거 시켜야겠어.,0,3,4,4,6,,
419,-1,1,18,다음에도 여기서 햄버거 시켜야겠어.,0,3,4,5,6,,
420,-1,1,18,이 햄버거에는 어떤 소스가 잘 어울리나요?,0,3,5,5,6,,
421,-1,1,18,이 햄버거는 너무 쫄깃해서 좋아요.,0,4,4,4,6,,
422,-1,1,18,제일 좋아하는 햄버거 가게인데,0,4,4,5,6,,
423,-1,1,18,다른 곳에서 먹어본 햄버거와는 맛이 다르네.,0,4,5,5,6,,
424,-1,1,18,이 햄버거 맛있어서 더 먹고 싶어져.,0,5,5,5,6,,
425,-1,1,18,제일 좋아하는 햄버거 가게인데,0,1,1,2,2,6,
426,-1,1,18,다른 곳에서 먹어본 햄버거와는 맛이 다르네.,0,1,1,2,3,6,
427,-1,1,18,이 햄버거 맛있어서 더 먹고 싶어져.,0,1,1,2,4,6,
428,-1,1,18,이 햄버거의 맛과 향이 정말 일품이에요.,0,1,1,2,5,6,
429,-1,1,18,다음에도 여기서 햄버거 시켜야겠어.,0,1,1,3,3,6,
430,-1,1,18,다음에도 여기서 햄버거 시켜야겠어.,0,1,1,3,4,6,
431,-1,1,18,이 햄버거에는 어떤 소스가 잘 어울리나요?,0,1,1,3,5,6,
432,-1,1,18,이 햄버거는 너무 쫄깃해서 좋아요.,0,1,1,4,4,6,
433,-1,1,18,제일 좋아하는 햄버거 가게인데,0,1,1,4,5,6,
434,-1,1,18,다른 곳에서 먹어본 햄버거와는 맛이 다르네.,0,1,1,5,5,6,
435,-1,1,18,다른 곳에서 먹어본 햄버거와는 맛이 다르네.,0,1,2,2,3,6,
436,-1,1,18,이 햄버거 맛있어서 더 먹고 싶어져.,0,1,2,2,4,6,
437,-1,1,18,이 햄버거의 맛과 향이 정말 일품이에요.,0,1,2,2,5,6,
438,-1,1,18,다음에도 여기서 햄버거 시켜야겠어.,0,1,2,3,3,6,
439,-1,1,18,다음에도 여기서 햄버거 시켜야겠어.,0,1,2,3,4,6,
440,-1,1,18,이 햄버거에는 어떤 소스가 잘 어울리나요?,0,1,2,3,5,6,
441,-1,1,18,이 햄버거는 너무 쫄깃해서 좋아요.,0,1,2,4,4,6,
442,-1,1,18,제일 좋아하는 햄버거 가게인데,0,1,2,4,5,6,
443,-1,1,18,다른 곳에서 먹어본 햄버거와는 맛이 다르네.,0,1,2,5,5,6,
444,-1,1,18,이 햄버거의 맛과 향이 정말 일품이에요.,0,1,3,3,4,6,
445,-1,1,18,다음에도 여기서 햄버거 시켜야겠어.,0,1,3,3,5,6,
446,-1,1,18,다음에도 여기서 햄버거 시켜야겠어.,0,1,3,4,4,6,
447,-1,1,18,이 햄버거에는 어떤 소스가 잘 어울리나요?,0,1,3,4,5,6,
448,-1,1,18,이 햄버거는 너무 쫄깃해서 좋아요.,0,1,3,5,5,6,
449,-1,1,18,제일 좋아하는 햄버거 가게인데,0,1,4,4,4,6,
450,-1,1,18,다른 곳에서 먹어본 햄버거와는 맛이 다르네.,0,1,4,4,5,6,
451,-1,1,18,제일 좋아하는 햄버거 가게인데,0,1,4,5,5,6,
452,-1,1,18,다른 곳에서 먹어본 햄버거와는 맛이 다르네.,0,1,5,5,5,6,
453,-1,1,18,이 햄버거에는 어떤 소스가 잘 어울리나요?,0,2,2,3,3,6,
454,-1,1,18,이 햄버거는 너무 쫄깃해서 좋아요.,0,2,2,3,4,6,
455,-1,1,18,제일 좋아하는 햄버거 가게인데,0,2,2,3,5,6,
456,-1,1,18,다른 곳에서 먹어본 햄버거와는 맛이 다르네.,0,2,2,4,4,6,
457,-1,1,18,이 햄버거 맛있어서 더 먹고 싶어져.,0,2,2,4,5,6,
458,-1,1,18,제일 좋아하는 햄버거 가게인데,0,2,2,5,5,6,
459,-1,1,18,이 햄버거 맛있어서 더 먹고 싶어져.,0,2,3,3,4,6,
460,-1,1,18,이 햄버거의 맛과 향이 정말 일품이에요.,0,2,3,3,5,6,
461,-1,1,18,다음에도 여기서 햄버거 시켜야겠어.,0,2,3,4,4,6,
462,-1,1,18,다음에도 여기서 햄버거 시켜야겠어.,0,2,3,4,5,6,
463,-1,1,18,이 햄버거에는 어떤 소스가 잘 어울리나요?,0,2,3,5,5,6,
464,-1,1,18,이 햄버거는 너무 쫄깃해서 좋아요.,0,2,4,4,4,6,
465,-1,1,18,제일 좋아하는 햄버거 가게인데,0,2,4,4,5,6,
466,-1,1,18,다른 곳에서 먹어본 햄버거와는 맛이 다르네.,0,2,4,5,5,6,
467,-1,1,18,이 햄버거 맛있어서 더 먹고 싶어져.,0,2,5,5,5,6,
468,-1,1,18,이 햄버거에는 어떤 소스가 잘 어울리나요?,0,3,3,4,4,6,
469,-1,1,18,이 햄버거는 너무 쫄깃해서 좋아요.,0,3,3,4,5,6,
470,-1,1,18,제일 좋아하는 햄버거 가게인데,0,3,3,5,5,6,
471,-1,1,18,다른 곳에서 먹어본 햄버거와는 맛이 다르네.,0,3,4,4,4,6,
472,-1,1,18,제일 좋아하는 햄버거 가게인데,0,3,4,4,5,6,
473,-1,1,18,다른 곳에서 먹어본 햄버거와는 맛이 다르네.,0,3,4,5,5,6,
474,-1,1,18,이 햄버거 맛있어서 더 먹고 싶어져.,0,3,5,5,5,6,
475,-1,1,18,이 햄버거의 맛과 향이 정말 일품이에요.,0,4,4,4,4,6,
476,-1,1,18,다음에도 여기서 햄버거 시켜야겠어.,0,4,4,4,5,6,
477,-1,1,18,다음에도 여기서 햄버거 시켜야겠어.,0,4,4,5,5,6,
478,-1,1,18,이 햄버거에는 어떤 소스가 잘 어울리나요?,0,4,5,5,5,6,
479,-1,1,18,이 햄버거는 너무 쫄깃해서 좋아요.,0,5,5,5,5,6,
480,-1,1,18,이 햄버거는 너무 쫄깃해서 좋아요.,0,1,1,2,2,3,6
481,-1,1,18,제일 좋아하는 햄버거 가게인데,0,1,1,2,2,4,6
482,-1,1,18,다른 곳에서 먹어본 햄버거와는 맛이 다르네.,0,1,1,2,2,5,6
483,-1,1,18,이 햄버거 맛있어서 더 먹고 싶어져.,0,1,1,2,3,3,6
484,-1,1,18,이 햄버거의 맛과 향이 정말 일품이에요.,0,1,1,2,3,4,6
485,-1,1,18,다음에도 여기서 햄버거 시켜야겠어.,0,1,1,2,3,5,6
486,-1,1,18,다음에도 여기서 햄버거 시켜야겠어.,0,1,1,2,4,4,6
487,-1,1,18,이 햄버거에는 어떤 소스가 잘 어울리나요?,0,1,1,2,4,5,6
488,-1,1,18,이 햄버거는 너무 쫄깃해서 좋아요.,0,1,1,2,5,5,6
489,-1,1,18,제일 좋아하는 햄버거 가게인데,0,1,1,3,3,3,6
490,-1,1,18,다른 곳에서 먹어본 햄버거와는 맛이 다르네.,0,1,1,3,3,4,6
491,-1,1,18,제일 좋아하는 햄버거 가게인데,0,1,1,3,3,5,6
492,-1,1,18,다른 곳에서 먹어본 햄버거와는 맛이 다르네.,0,1,1,3,4,4,6
493,-1,1,18,이 햄버거 맛있어서 더 먹고 싶어져.,0,1,1,3,4,5,6
494,-1,1,18,이 햄버거의 맛과 향이 정말 일품이에요.,0,1,1,3,5,5,6
495,-1,1,18,다음에도 여기서 햄버거 시켜야겠어.,0,1,1,4,4,4,6
496,-1,1,18,다음에도 여기서 햄버거 시켜야겠어.,0,1,1,4,4,5,6
497,-1,1,18,이 햄버거에는 어떤 소스가 잘 어울리나요?,0,1,1,4,5,5,6
498,-1,1,18,다음에도 여기서 햄버거 시켜야겠어.,0,1,2,2,3,3,6
499,-1,1,18,이 햄버거에는 어떤 소스가 잘 어울리나요?,0,1,2,2,3,4,6
500,-1,1,18,이 햄버거는 너무 쫄깃해서 좋아요.,0,1,2,2,3,5,6
501,-1,1,18,제일 좋아하는 햄버거 가게인데,0,1,2,2,4,4,6
502,-1,1,18,다른 곳에서 먹어본 햄버거와는 맛이 다르네.,0,1,2,2,4,5,6
503,-1,1,18,이 햄버거 맛있어서 더 먹고 싶어져.,0,1,2,2,5,5,6
504,-1,1,18,다른 곳에서 먹어본 햄버거와는 맛이 다르네.,0,1,2,3,3,4,6
505,-1,1,18,이 햄버거 맛있어서 더 먹고 싶어져.,0,1,2,3,3,5,6
506,-1,1,18,이 햄버거의 맛과 향이 정말 일품이에요.,0,1,2,3,4,4,6
507,-1,1,18,다음에도 여기서 햄버거 시켜야겠어.,0,1,2,3,4,5,6
508,-1,1,18,다음에도 여기서 햄버거 시켜야겠어.,0,1,2,3,5,5,6
509,-1,1,18,이 햄버거에는 어떤 소스가 잘 어울리나요?,0,1,2,4,4,4,6
510,-1,1,18,이 햄버거는 너무 쫄깃해서 좋아요.,0,1,2,4,4,5,6
511,-1,1,18,제일 좋아하는 햄버거 가게인데,0,1,2,4,5,5,6
512,-1,1,18,다른 곳에서 먹어본 햄버거와는 맛이 다르네.,0,1,2,5,5,5,6
513,-1,1,18,다음에도 여기서 햄버거 시켜야겠어.,0,1,3,3,4,4,6
514,-1,1,18,이 햄버거에는 어떤 소스가 잘 어울리나요?,0,1,3,3,4,5,6
515,-1,1,18,이 햄버거는 너무 쫄깃해서 좋아요.,0,1,3,3,5,5,6
516,-1,1,18,제일 좋아하는 햄버거 가게인데,0,1,3,4,4,4,6
517,-1,1,18,다른 곳에서 먹어본 햄버거와는 맛이 다르네.,0,1,3,4,4,5,6
518,-1,1,18,제일 좋아하는 햄버거 가게인데,0,1,3,4,5,5,6
519,-1,1,18,다른 곳에서 먹어본 햄버거와는 맛이 다르네.,0,1,3,5,5,5,6
520,-1,1,18,이 햄버거 맛있어서 더 먹고 싶어져.,0,1,4,4,4,4,6
521,-1,1,18,이 햄버거의 맛과 향이 정말 일품이에요.,0,1,4,4,4,5,6
522,-1,1,18,다음에도 여기서 햄버거 시켜야겠어.,0,1,4,4,5,5,6
523,-1,1,18,다음에도 여기서 햄버거 시켜야겠어.,0,1,4,5,5,5,6
524,-1,1,18,이 햄버거에는 어떤 소스가 잘 어울리나요?,0,1,5,5,5,5,6
525,-1,1,18,다른 곳에서 먹어본 햄버거와는 맛이 다르네.,0,2,2,3,3,4,6
526,-1,1,18,이 햄버거 맛있어서 더 먹고 싶어져.,0,2,2,3,3,5,6
527,-1,1,18,이 햄버거의 맛과 향이 정말 일품이에요.,0,2,2,3,4,4,6
528,-1,1,18,다음에도 여기서 햄버거 시켜야겠어.,0,2,2,3,4,5,6
529,-1,1,18,다음에도 여기서 햄버거 시켜야겠어.,0,2,2,3,5,5,6
530,-1,1,18,이 햄버거에는 어떤 소스가 잘 어울리나요?,0,2,2,4,4,4,6
531,-1,1,18,이 햄버거는 너무 쫄깃해서 좋아요.,0,2,2,4,4,5,6
532,-1,1,18,제일 좋아하는 햄버거 가게인데,0,2,2,4,5,5,6
533,-1,1,18,다른 곳에서 먹어본 햄버거와는 맛이 다르네.,0,2,2,5,5,5,6
534,-1,1,18,다음에도 여기서 햄버거 시켜야겠어.,0,2,3,3,4,4,6
535,-1,1,18,이 햄버거에는 어떤 소스가 잘 어울리나요?,0,2,3,3,4,5,6
536,-1,1,18,이 햄버거는 너무 쫄깃해서 좋아요.,0,2,3,3,5,5,6
537,-1,1,18,제일 좋아하는 햄버거 가게인데,0,2,3,4,4,4,6
538,-1,1,18,다른 곳에서 먹어본 햄버거와는 맛이 다르네.,0,2,3,4,4,5,6
539,-1,1,18,제일 좋아하는 햄버거 가게인데,0,2,3,4,5,5,6
540,-1,1,18,다른 곳에서 먹어본 햄버거와는 맛이 다르네.,0,2,3,5,5,5,6
541,-1,1,18,이 햄버거 맛있어서 더 먹고 싶어져.,0,2,4,4,4,4,6
542,-1,1,18,이 햄버거의 맛과 향이 정말 일품이에요.,0,2,4,4,4,5,6
543,-1,1,18,다음에도 여기서 햄버거 시켜야겠어.,0,2,4,4,5,5,6
544,-1,1,18,다음에도 여기서 햄버거 시켜야겠어.,0,2,4,5,5,5,6
545,-1,1,18,이 햄버거에는 어떤 소스가 잘 어울리나요?,0,2,5,5,5,5,6
546,-1,1,18,이 햄버거에는 어떤 소스가 잘 어울리나요?,0,3,3,4,4,4,6
547,-1,1,18,이 햄버거는 너무 쫄깃해서 좋아요.,0,3,3,4,4,5,6
548,-1,1,18,제일 좋아하는 햄버거 가게인데,0,3,3,4,5,5,6
549,-1,1,18,다른 곳에서 먹어본 햄버거와는 맛이 다르네.,0,3,3,5,5,5,6
550,-1,1,18,이 햄버거 맛있어서 더 먹고 싶어져.,0,3,4,4,4,4,6
551,-1,1,18,제일 좋아하는 햄버거 가게인데,0,3,4,4,4,5,6
552,-1,1,18,다른 곳에서 먹어본 햄버거와는 맛이 다르네.,0,3,4,4,5,5,6
553,-1,1,18,이 햄버거 맛있어서 더 먹고 싶어져.,0,3,4,5,5,5,6
554,-1,1,18,이 햄버거의 맛과 향이 정말 일품이에요.,0,4,4,4,4,4,6
555,-1,1,18,다음에도 여기서 햄버거 시켜야겠어.,0,4,4,4,4,5,6
556,-1,1,18,다음에도 여기서 햄버거 시켜야겠어.,0,4,4,4,5,5,6
557,-1,1,18,이 햄버거에는 어떤 소스가 잘 어울리나요?,0,4,4,5,5,5,6
558,1,1,14,이 햄버거는 다른 곳에서 먹는 것보다 맛있어.,0,6,,,,,
559,1,1,15,토핑을 조금 더 추가해야겠어.,0,1,6,,,,
560,1,1,16,이 가격에 이렇게 맛있는 햄버거를 먹을 수 있다니 대박이야.,0,2,6,,,,
561,1,1,20,이 햄버거의 비율이 정말 좋아.,0,3,6,,,,
562,1,1,16,맛있는 햄버거를 먹으니까 기분이 좋아져.,0,4,6,,,,
563,1,1,17,이 햄버거에는 어떤 소스가 잘 어울리나요?,0,5,6,,,,
564,1,1,18,이 햄버거는 너무 쫄깃해서 좋아요.,0,1,1,6,,,
565,1,1,19,제일 좋아하는 햄버거 가게인데,0,1,2,6,,,
566,1,1,20,다른 곳에서 먹어본 햄버거와는 맛이 다르네.,0,1,3,6,,,
567,1,1,21,이 햄버거 맛있어서 더 먹고 싶어져.,0,1,4,6,,,
568,1,1,22,이 햄버거의 맛과 향이 정말 일품이에요.,0,1,5,6,,,
569,1,1,23,다음에도 여기서 햄버거 시켜야겠어.,0,2,2,6,,,
570,1,1,24,이 햄버거의 고기가 정말 신선한 것 같아.,0,2,3,6,,,
571,1,1,25,햄버거는 이 곳에서 먹어본 것 중에 제일 맛있어.,0,2,4,6,,,
572,1,1,16,이 햄버거는 먹으면 먹을수록 맛있어.,0,2,5,6,,,
573,1,1,17,이 햄버거는 먹을 때마다 신선한 재료를 사용하는 것 같아.,0,3,3,6,,,
574,1,1,18,이 곳에서 파는 햄버거는 정말 고급진 느낌이에요.,0,3,4,6,,,
575,1,1,19,제일 좋아하는 햄버거 조합은 뭐죠?,0,3,5,6,,,
576,1,1,20,이 햄버거는 맛있어서 여기 자주 올 것 같아.,0,4,4,6,,,
577,1,1,21,여기서 파는 햄버거는 먹으면 먹을수록 매력적이에요.,0,4,5,6,,,
578,1,1,22,이 곳의 햄버거는 다른 곳에서 먹는 것보다 진짜 맛있어.,0,5,5,6,,,
579,1,1,24,이 곳에서 파는 햄버거는 제가 먹어본 것 중에서 제일 맛있어요.,0,1,1,2,6,,
580,1,1,18,이 햄버거는 정말 크기가 커서 배불러요.,0,1,1,3,6,,
581,1,1,18,이 햄버거에는 어떤 소스가 잘 어울리나요?,0,1,1,4,6,,
582,1,1,18,이 햄버거는 너무 쫄깃해서 좋아요.,0,1,1,5,6,,
583,1,1,18,제일 좋아하는 햄버거 가게인데,0,1,2,2,6,,
584,1,1,18,다른 곳에서 먹어본 햄버거와는 맛이 다르네.,0,1,2,3,6,,
585,1,1,18,이 햄버거 맛있어서 더 먹고 싶어져.,0,1,2,4,6,,
586,1,1,18,이 햄버거의 맛과 향이 정말 일품이에요.,0,1,2,5,6,,
587,1,1,18,다음에도 여기서 햄버거 시켜야겠어.,0,1,3,3,6,,
588,1,1,18,이 햄버거의 고기가 정말 신선한 것 같아.,0,1,3,4,6,,
589,1,1,18,햄버거는 이 곳에서 먹어본 것 중에 제일 맛있어.,0,1,3,5,6,,
590,1,1,18,이 햄버거는 먹으면 먹을수록 맛있어.,0,1,4,4,6,,
591,1,1,18,이 햄버거는 먹을 때마다 신선한 재료를 사용하는 것 같아.,0,1,4,5,6,,
592,1,1,18,이 곳에서 파는 햄버거는 정말 고급진 느낌이에요.,0,1,5,5,6,,
593,1,1,18,이 햄버거는 맛있어서 여기 자주 올 것 같아.,0,2,2,3,6,,
594,1,1,18,여기서 파는 햄버거는 먹으면 먹을수록 매력적이에요.,0,2,2,4,6,,
595,1,1,18,이 곳의 햄버거는 다른 곳에서 먹는 것보다 진짜 맛있어.,0,2,2,5,6,,
596,1,1,18,이 햄버거는 먹으면서 새로운 맛을 경험하게 해줘.,0,2,3,3,6,,
597,1,1,18,이 곳에서 파는 햄버거는 제가 먹어본 것 중에서 제일 맛있어요.,0,2,3,4,6,,
598,1,1,18,이 햄버거는 정말 크기가 커서 배불러요.,0,2,3,5,6,,
599,1,1,18,이 햄버거에는 어떤 소스가 잘 어울리나요?,0,2,4,4,6,,
600,1,1,18,이 햄버거는 너무 쫄깃해서 좋아요.,0,2,4,5,6,,
601,1,1,18,제일 좋아하는 햄버거 가게인데,0,2,5,5,6,,
602,1,1,18,이 햄버거 맛있어서 더 먹고 싶어져.,0,3,3,4,6,,
603,1,1,18,이 햄버거의 맛과 향이 정말 일품이에요.,0,3,3,5,6,,
604,1,1,18,다음에도 여기서 햄버거 시켜야겠어.,0,3,4,4,6,,
605,1,1,18,다음에도 여기서 햄버거 시켜야겠어.,0,3,4,5,6,,
606,1,1,18,이 햄버거에는 어떤 소스가 잘 어울리나요?,0,3,5,5,6,,
607,1,1,18,이 햄버거는 너무 쫄깃해서 좋아요.,0,4,4,4,6,,
608,1,1,18,제일 좋아하는 햄버거 가게인데,0,4,4,5,6,,
609,1,1,18,다른 곳에서 먹어본 햄버거와는 맛이 다르네.,0,4,5,5,6,,
610,1,1,18,이 햄버거 맛있어서 더 먹고 싶어져.,0,5,5,5,6,,
611,1,1,18,제일 좋아하는 햄버거 가게인데,0,1,1,2,2,6,
612,1,1,18,다른 곳에서 먹어본 햄버거와는 맛이 다르네.,0,1,1,2,3,6,
613,1,1,18,이 햄버거 맛있어서 더 먹고 싶어져.,0,1,1,2,4,6,
614,1,1,18,이 햄버거의 맛과 향이 정말 일품이에요.,0,1,1,2,5,6,
615,1,1,18,다음에도 여기서 햄버거 시켜야겠어.,0,1,1,3,3,6,
616,1,1,18,다음에도 여기서 햄버거 시켜야겠어.,0,1,1,3,4,6,
617,1,1,18,이 햄버거에는 어떤 소스가 잘 어울리나요?,0,1,1,3,5,6,
618,1,1,18,이 햄버거는 너무 쫄깃해서 좋아요.,0,1,1,4,4,6,
619,1,1,18,제일 좋아하는 햄버거 가게인데,0,1,1,4,5,6,
620,1,1,18,다른 곳에서 먹어본 햄버거와는 맛이 다르네.,0,1,1,5,5,6,
621,1,1,18,다른 곳에서 먹어본 햄버거와는 맛이 다르네.,0,1,2,2,3,6,
622,1,1,18,이 햄버거 맛있어서 더 먹고 싶어져.,0,1,2,2,4,6,
623,1,1,18,이 햄버거의 맛과 향이 정말 일품이에요.,0,1,2,2,5,6,
624,1,1,18,다음에도 여기서 햄버거 시켜야겠어.,0,1,2,3,3,6,
625,1,1,18,다음에도 여기서 햄버거 시켜야겠어.,0,1,2,3,4,6,
626,1,1,18,이 햄버거에는 어떤 소스가 잘 어울리나요?,0,1,2,3,5,6,
627,1,1,18,이 햄버거는 너무 쫄깃해서 좋아요.,0,1,2,4,4,6,
628,1,1,18,제일 좋아하는 햄버거 가게인데,0,1,2,4,5,6,
629,1,1,18,다른 곳에서 먹어본 햄버거와는 맛이 다르네.,0,1,2,5,5,6,
630,1,1,18,이 햄버거의 맛과 향이 정말 일품이에요.,0,1,3,3,4,6,
631,1,1,18,다음에도 여기서 햄버거 시켜야겠어.,0,1,3,3,5,6,
632,1,1,18,다음에도 여기서 햄버거 시켜야겠어.,0,1,3,4,4,6,
633,1,1,18,이 햄버거에는 어떤 소스가 잘 어울리나요?,0,1,3,4,5,6,
634,1,1,18,이 햄버거는 너무 쫄깃해서 좋아요.,0,1,3,5,5,6,
635,1,1,18,제일 좋아하는 햄버거 가게인데,0,1,4,4,4,6,
636,1,1,18,다른 곳에서 먹어본 햄버거와는 맛이 다르네.,0,1,4,4,5,6,
637,1,1,18,제일 좋아하는 햄버거 가게인데,0,1,4,5,5,6,
638,1,1,18,다른 곳에서 먹어본 햄버거와는 맛이 다르네.,0,1,5,5,5,6,
639,1,1,18,이 햄버거에는 어떤 소스가 잘 어울리나요?,0,2,2,3,3,6,
640,1,1,18,이 햄버거는 너무 쫄깃해서 좋아요.,0,2,2,3,4,6,
641,1,1,18,제일 좋아하는 햄버거 가게인데,0,2,2,3,5,6,
642,1,1,18,다른 곳에서 먹어본 햄버거와는 맛이 다르네.,0,2,2,4,4,6,
643,1,1,18,이 햄버거 맛있어서 더 먹고 싶어져.,0,2,2,4,5,6,
644,1,1,18,제일 좋아하는 햄버거 가게인데,0,2,2,5,5,6,
645,1,1,18,이 햄버거 맛있어서 더 먹고 싶어져.,0,2,3,3,4,6,
646,1,1,18,이 햄버거의 맛과 향이 정말 일품이에요.,0,2,3,3,5,6,
647,1,1,18,다음에도 여기서 햄버거 시켜야겠어.,0,2,3,4,4,6,
648,1,1,18,다음에도 여기서 햄버거 시켜야겠어.,0,2,3,4,5,6,
649,1,1,18,이 햄버거에는 어떤 소스가 잘 어울리나요?,0,2,3,5,5,6,
650,1,1,18,이 햄버거는 너무 쫄깃해서 좋아요.,0,2,4,4,4,6,
651,1,1,18,제일 좋아하는 햄버거 가게인데,0,2,4,4,5,6,
652,1,1,18,다른 곳에서 먹어본 햄버거와는 맛이 다르네.,0,2,4,5,5,6,
653,1,1,18,이 햄버거 맛있어서 더 먹고 싶어져.,0,2,5,5,5,6,
654,1,1,18,이 햄버거에는 어떤 소스가 잘 어울리나요?,0,3,3,4,4,6,
655,1,1,18,이 햄버거는 너무 쫄깃해서 좋아요.,0,3,3,4,5,6,
656,1,1,18,제일 좋아하는 햄버거 가게인데,0,3,3,5,5,6,
657,1,1,18,다른 곳에서 먹어본 햄버거와는 맛이 다르네.,0,3,4,4,4,6,
658,1,1,18,제일 좋아하는 햄버거 가게인데,0,3,4,4,5,6,
659,1,1,18,다른 곳에서 먹어본 햄버거와는 맛이 다르네.,0,3,4,5,5,6,
660,1,1,18,이 햄버거 맛있어서 더 먹고 싶어져.,0,3,5,5,5,6,
661,1,1,18,이 햄버거의 맛과 향이 정말 일품이에요.,0,4,4,4,4,6,
662,1,1,18,다음에도 여기서 햄버거 시켜야겠어.,0,4,4,4,5,6,
663,1,1,18,다음에도 여기서 햄버거 시켜야겠어.,0,4,4,5,5,6,
664,1,1,18,이 햄버거에는 어떤 소스가 잘 어울리나요?,0,4,5,5,5,6,
665,1,1,18,이 햄버거는 너무 쫄깃해서 좋아요.,0,5,5,5,5,6,
666,1,1,18,이 햄버거는 너무 쫄깃해서 좋아요.,0,1,1,2,2,3,6
667,1,1,18,제일 좋아하는 햄버거 가게인데,0,1,1,2,2,4,6
668,1,1,18,다른 곳에서 먹어본 햄버거와는 맛이 다르네.,0,1,1,2,2,5,6
669,1,1,18,이 햄버거 맛있어서 더 먹고 싶어져.,0,1,1,2,3,3,6
670,1,1,18,이 햄버거의 맛과 향이 정말 일품이에요.,0,1,1,2,3,4,6
671,1,1,18,다음에도 여기서 햄버거 시켜야겠어.,0,1,1,2,3,5,6
672,1,1,18,다음에도 여기서 햄버거 시켜야겠어.,0,1,1,2,4,4,6
673,1,1,18,이 햄버거에는 어떤 소스가 잘 어울리나요?,0,1,1,2,4,5,6
674,1,1,18,이 햄버거는 너무 쫄깃해서 좋아요.,0,1,1,2,5,5,6
675,1,1,18,제일 좋아하는 햄버거 가게인데,0,1,1,3,3,3,6
676,1,1,18,다른 곳에서 먹어본 햄버거와는 맛이 다르네.,0,1,1,3,3,4,6
677,1,1,18,제일 좋아하는 햄버거 가게인데,0,1,1,3,3,5,6
678,1,1,18,다른 곳에서 먹어본 햄버거와는 맛이 다르네.,0,1,1,3,4,4,6
679,1,1,18,이 햄버거 맛있어서 더 먹고 싶어져.,0,1,1,3,4,5,6
680,1,1,18,이 햄버거의 맛과 향이 정말 일품이에요.,0,1,1,3,5,5,6
681,1,1,18,다음에도 여기서 햄버거 시켜야겠어.,0,1,1,4,4,4,6
682,1,1,18,다음에도 여기서 햄버거 시켜야겠어.,0,1,1,4,4,5,6
683,1,1,18,이 햄버거에는 어떤 소스가 잘 어울리나요?,0,1,1,4,5,5,6
684,1,1,18,다음에도 여기서 햄버거 시켜야겠어.,0,1,2,2,3,3,6
685,1,1,18,이 햄버거에는 어떤 소스가 잘 어울리나요?,0,1,2,2,3,4,6
686,1,1,18,이 햄버거는 너무 쫄깃해서 좋아요.,0,1,2,2,3,5,6
687,1,1,18,제일 좋아하는 햄버거 가게인데,0,1,2,2,4,4,6
688,1,1,18,다른 곳에서 먹어본 햄버거와는 맛이 다르네.,0,1,2,2,4,5,6
689,1,1,18,이 햄버거 맛있어서 더 먹고 싶어져.,0,1,2,2,5,5,6
690,1,1,18,다른 곳에서 먹어본 햄버거와는 맛이 다르네.,0,1,2,3,3,4,6
691,1,1,18,이 햄버거 맛있어서 더 먹고 싶어져.,0,1,2,3,3,5,6
692,1,1,18,이 햄버거의 맛과 향이 정말 일품이에요.,0,1,2,3,4,4,6
693,1,1,18,다음에도 여기서 햄버거 시켜야겠어.,0,1,2,3,4,5,6
694,1,1,18,다음에도 여기서 햄버거 시켜야겠어.,0,1,2,3,5,5,6
695,1,1,18,이 햄버거에는 어떤 소스가 잘 어울리나요?,0,1,2,4,4,4,6
696,1,1,18,이 햄버거는 너무 쫄깃해서 좋아요.,0,1,2,4,4,5,6
697,1,1,18,제일 좋아하는 햄버거 가게인데,0,1,2,4,5,5,6
698,1,1,18,다른 곳에서 먹어본 햄버거와는 맛이 다르네.,0,1,2,5,5,5,6
699,1,1,18,다음에도 여기서 햄버거 시켜야겠어.,0,1,3,3,4,4,6
700,1,1,18,이 햄버거에는 어떤 소스가 잘 어울리나요?,0,1,3,3,4,5,6
701,1,1,18,이 햄버거는 너무 쫄깃해서 좋아요.,0,1,3,3,5,5,6
702,1,1,18,제일 좋아하는 햄버거 가게인데,0,1,3,4,4,4,6
703,1,1,18,다른 곳에서 먹어본 햄버거와는 맛이 다르네.,0,1,3,4,4,5,6
704,1,1,18,제일 좋아하는 햄버거 가게인데,0,1,3,4,5,5,6
705,1,1,18,다른 곳에서 먹어본 햄버거와는 맛이 다르네.,0,1,3,5,5,5,6
706,1,1,18,이 햄버거 맛있어서 더 먹고 싶어져.,0,1,4,4,4,4,6
707,1,1,18,이 햄버거의 맛과 향이 정말 일품이에요.,0,1,4,4,4,5,6
708,1,1,18,다음에도 여기서 햄버거 시켜야겠어.,0,1,4,4,5,5,6
709,1,1,18,다음에도 여기서 햄버거 시켜야겠어.,0,1,4,5,5,5,6
710,1,1,18,이 햄버거에는 어떤 소스가 잘 어울리나요?,0,1,5,5,5,5,6
711,1,1,18,다른 곳에서 먹어본 햄버거와는 맛이 다르네.,0,2,2,3,3,4,6
712,1,1,18,이 햄버거 맛있어서 더 먹고 싶어져.,0,2,2,3,3,5,6
713,1,1,18,이 햄버거의 맛과 향이 정말 일품이에요.,0,2,2,3,4,4,6
714,1,1,18,다음에도 여기서 햄버거 시켜야겠어.,0,2,2,3,4,5,6
715,1,1,18,다음에도 여기서 햄버거 시켜야겠어.,0,2,2,3,5,5,6
716,1,1,18,이 햄버거에는 어떤 소스가 잘 어울리나요?,0,2,2,4,4,4,6
717,1,1,18,이 햄버거는 너무 쫄깃해서 좋아요.,0,2,2,4,4,5,6
718,1,1,18,제일 좋아하는 햄버거 가게인데,0,2,2,4,5,5,6
719,1,1,18,다른 곳에서 먹어본 햄버거와는 맛이 다르네.,0,2,2,5,5,5,6
720,1,1,18,다음에도 여기서 햄버거 시켜야겠어.,0,2,3,3,4,4,6
721,1,1,18,이 햄버거에는 어떤 소스가 잘 어울리나요?,0,2,3,3,4,5,6
722,1,1,18,이 햄버거는 너무 쫄깃해서 좋아요.,0,2,3,3,5,5,6
723,1,1,18,제일 좋아하는 햄버거 가게인데,0,2,3,4,4,4,6
724,1,1,18,다른 곳에서 먹어본 햄버거와는 맛이 다르네.,0,2,3,4,4,5,6
725,1,1,18,제일 좋아하는 햄버거 가게인데,0,2,3,4,5,5,6
726,1,1,18,다른 곳에서 먹어본 햄버거와는 맛이 다르네.,0,2,3,5,5,5,6
727,1,1,18,이 햄버거 맛있어서 더 먹고 싶어져.,0,2,4,4,4,4,6
728,1,1,18,이 햄버거의 맛과 향이 정말 일품이에요.,0,2,4,4,4,5,6
729,1,1,18,다음에도 여기서 햄버거 시켜야겠어.,0,2,4,4,5,5,6
730,1,1,18,다음에도 여기서 햄버거 시켜야겠어.,0,2,4,5,5,5,6
731,1,1,18,이 햄버거에는 어떤 소스가 잘 어울리나요?,0,2,5,5,5,5,6
732,1,1,18,이 햄버거에는 어떤 소스가 잘 어울리나요?,0,3,3,4,4,4,6
733,1,1,18,이 햄버거는 너무 쫄깃해서 좋아요.,0,3,3,4,4,5,6
734,1,1,18,제일 좋아하는 햄버거 가게인데,0,3,3,4,5,5,6
735,1,1,18,다른 곳에서 먹어본 햄버거와는 맛이 다르네.,0,3,3,5,5,5,6
736,1,1,18,이 햄버거 맛있어서 더 먹고 싶어져.,0,3,4,4,4,4,6
737,1,1,18,제일 좋아하는 햄버거 가게인데,0,3,4,4,4,5,6
738,1,1,18,다른 곳에서 먹어본 햄버거와는 맛이 다르네.,0,3,4,4,5,5,6
739,1,1,18,이 햄버거 맛있어서 더 먹고 싶어져.,0,3,4,5,5,5,6
740,1,1,18,이 햄버거의 맛과 향이 정말 일품이에요.,0,4,4,4,4,4,6
741,1,1,18,다음에도 여기서 햄버거 시켜야겠어.,0,4,4,4,4,5,6
742,1,1,18,다음에도 여기서 햄버거 시켜야겠어.,0,4,4,4,5,5,6
743,1,1,18,이 햄버거에는 어떤 소스가 잘 어울리나요?,0,4,4,5,5,5,6